{"cameraMode":{"drawMode":0,"name":"Shaded","section":"Shading Mode"},"sceneLighting":false,"audioPlay":false,"sceneViewState":{"showFog":false,"showMaterialUpdate":false,"showSkybox":false,"showFlares":false,"showImageEffects":false,"showParticleSystems":false},"in2DMode":false,"pivot":{"x":4.626225471496582,"y":-2.483034610748291,"z":11.93649673461914},"rotation":{"x":-0.12399062514305115,"y":0.4126126170158386,"z":-0.05680428072810173,"w":-0.9006389379501343},"size":19.002059936523439,"orthographic":false}