{"cameraMode":{"drawMode":0,"name":"Shaded","section":"Shading Mode"},"sceneLighting":false,"audioPlay":false,"sceneViewState":{"showFog":false,"showMaterialUpdate":false,"showSkybox":false,"showFlares":false,"showImageEffects":false,"showParticleSystems":false},"in2DMode":false,"pivot":{"x":0.3835415840148926,"y":-1.1380820274353028,"z":-9.429557800292969},"rotation":{"x":0.2672640085220337,"y":0.7234334945678711,"z":-0.512989342212677,"w":0.3769044876098633},"size":1.1715776920318604,"orthographic":false}